threshold,delta,Unsafe_Episode_Rate,Mean_Unsafe_Actions,Mean_Affected_Agents,EHR_Poison_Rate,Semantic_Rejection_Rate
30,-100,0.887,1.774,3.0546,1.0,0.9454
30,-60,0.5296,1.0592,3.0546,1.0,0.9454
30,-30,0.257,0.7566,4.0,1.0,0.0
30,30,0.3016,0.8446,3.941,1.0,0.059
30,60,0.544,1.088,3.0,1.0,1.0
30,100,0.7866,1.5732,3.0,1.0,1.0
45,-100,0.887,1.8248,3.1054,1.0,0.8946
45,-60,0.5296,1.11,3.1054,1.0,0.8946
45,-30,0.257,0.7566,4.0,1.0,0.0
45,30,0.3048,0.8528,4.0,1.0,0.0
45,60,0.544,1.088,3.0,1.0,1.0
45,100,0.7866,1.5732,3.0,1.0,1.0
60,-100,0.887,1.9024,3.183,1.0,0.817
60,-60,0.5372,1.5964,4.0,1.0,0.0
60,-30,0.257,0.7566,4.0,1.0,0.0
60,30,0.3048,0.8528,4.0,1.0,0.0
60,60,0.6412,1.7068,3.8878,1.0,0.1122
60,100,0.7866,1.5732,3.0,1.0,1.0
90,-100,0.887,2.1338,3.4144,1.0,0.5856
90,-60,0.5372,1.5964,4.0,1.0,0.0
90,-30,0.257,0.7566,4.0,1.0,0.0
90,30,0.3048,0.8528,4.0,1.0,0.0
90,60,0.666,1.754,4.0,1.0,0.0
90,100,0.7866,1.5732,3.0042,1.0,0.9958
