architecture,time,Poison_Active_Rate,Mean_Affected_Agents,EHR_Poison_Rate
global,2,1.0,4.0,1.0
global,3,1.0,4.0,1.0
global,4,1.0,4.0,1.0
global,5,1.0,4.0,1.0
global,6,1.0,4.0,1.0
global,7,1.0,4.0,1.0
global,8,1.0,4.0,1.0
global,9,1.0,4.0,1.0
global,10,1.0,4.0,1.0
provenance,2,1.0,4.0,1.0
provenance,3,1.0,4.0,1.0
provenance,4,1.0,4.0,1.0
provenance,5,1.0,4.0,1.0
provenance,6,1.0,4.0,1.0
provenance,7,1.0,4.0,1.0
provenance,8,1.0,4.0,1.0
provenance,9,1.0,4.0,1.0
provenance,10,1.0,4.0,1.0
secure,2,1.0,3.0,1.0
secure,3,1.0,3.0,1.0
secure,4,1.0,3.0,1.0
secure,5,1.0,3.0,1.0
secure,6,1.0,3.0,1.0
secure,7,1.0,3.0,1.0
secure,8,1.0,3.0,1.0
secure,9,1.0,3.0,1.0
secure,10,1.0,3.0,1.0
secure_ttl,2,1.0,3.0,1.0
secure_ttl,3,1.0,3.0,1.0
secure_ttl,4,1.0,4.0,1.0
secure_ttl,5,0.0,0.0,0.0
secure_ttl,6,0.0,0.0,0.0
secure_ttl,7,0.0,0.0,0.0
secure_ttl,8,0.0,0.0,0.0
secure_ttl,9,0.0,0.0,0.0
secure_ttl,10,0.0,0.0,0.0
